[
    {
        "image": "media\/reviews\/Screenshot 2025-04-26 192418.png",
        "created_at": "2025-04-26 19:27:51"
    },
    {
        "image": "media\/reviews\/Screenshot 2025-04-26 192418.png",
        "created_at": "2025-04-26 19:40:23"
    },
    {
        "image": "media\/reviews\/Screenshot 2025-04-26 192418.png",
        "created_at": "2025-04-26 19:40:31"
    },
    {
        "image": "media\/reviews\/Screenshot 2025-04-26 192418.png",
        "created_at": "2025-04-26 19:40:37"
    },
    {
        "image": "media\/reviews\/Screenshot 2025-04-26 192418.png",
        "created_at": "2025-04-26 22:13:56"
    }
]