[
    {
        "title": "Test",
        "description": "TestTestTestTestTestTestTestTestTestTestTestTestTestTestTestTestTestTestTestTestTestTestTest",
        "category": "sea",
        "price": "120",
        "discount": "15",
        "image": "media\/jeep prljav.jpg",
        "created_at": "2025-04-14 12:14:21"
    },
    {
        "title": "Mostar",
        "description": "Explore mostar old town...",
        "category": "land",
        "price": "125",
        "discount": "10",
        "image": "media\/8009722-mostar-bosnia-and-herzegovina.jpg",
        "created_at": "2025-04-14 12:20:33"
    },
    {
        "title": "Split",
        "description": "Explore old town and more...",
        "category": "land",
        "price": "250",
        "discount": "",
        "image": "media\/1000_F_320606199_7RTvLZ9teuYLi3cXAt4jxIoxsNuabPTY.jpg",
        "created_at": "2025-04-14 12:21:34"
    }
]